,date,count,amount,cumsum_amount
0,2020-12-01,6451,206401.0,206401.0
1,2020-12-02,1644,52577.0,258978.0
2,2020-12-03,1557,49824.0,308802.0
3,2020-12-04,547,17504.0,326306.0
4,2020-12-05,2574,82276.0,408582.0
5,2020-12-06,1136,36263.0,444845.0
6,2020-12-07,1194,38100.0,482945.0
7,2020-12-08,1014,32448.0,515393.0
8,2020-12-09,2900,92800.0,608193.0
9,2020-12-10,1073,34336.0,642529.0
10,2020-12-11,2062,65984.0,708513.0
11,2020-12-12,1069,34208.0,742721.0
12,2020-12-13,782,25024.0,767745.0
13,2020-12-14,701,22432.0,790177.0
14,2020-12-15,791,25312.0,815489.0
15,2020-12-16,495,15840.0,831329.0
16,2020-12-17,640,20418.0,851747.0
17,2020-12-18,568,18110.0,869857.0
18,2020-12-19,716,22912.0,892769.0
19,2020-12-20,3023,96736.0,989505.0
20,2020-12-21,1673,53536.0,1043041.0
21,2020-12-22,2706,86561.0,1129602.0
22,2020-12-23,4522,144704.0,1274306.0
23,2020-12-24,1925,61600.0,1335906.0
24,2020-12-25,209,6688.0,1342594.0
25,2020-12-26,354,11328.0,1353922.0
26,2020-12-27,977,31264.0,1385186.0
27,2020-12-28,1360,43520.0,1428706.0
28,2020-12-29,335,10720.0,1439426.0
29,2020-12-30,418,13376.0,1452802.0
30,2020-12-31,863,27616.0,1480418.0
31,2021-01-01,622,19904.0,1500322.0
32,2021-01-02,461,14752.0,1515074.0
33,2021-01-03,313,10016.0,1525090.0
34,2021-01-04,269,8608.0,1533698.0
35,2021-01-05,1152,36864.0,1570562.0
36,2021-01-06,956,30592.0,1601154.0
37,2021-01-07,789,25248.0,1626402.0
38,2021-01-08,431,13792.0,1640194.0
39,2021-01-09,826,26432.0,1666626.0
40,2021-01-10,308,9856.0,1676482.0
41,2021-01-11,538,17216.0,1693698.0
42,2021-01-12,1258,40256.0,1733954.0
43,2021-01-13,873,27936.0,1761890.0
44,2021-01-14,998,31936.0,1793826.0
45,2021-01-15,1366,43712.0,1837538.0
46,2021-01-16,256,8192.0,1845730.0
47,2021-01-17,538,17216.0,1862946.0
48,2021-01-18,775,24800.0,1887746.0
49,2021-01-19,1808,57856.0,1945602.0
50,2021-01-20,3817,122144.0,2067746.0
51,2021-01-21,1172,37504.0,2105250.0
52,2021-01-22,363,11616.0,2116866.0
53,2021-01-23,115,3680.0,2120546.0
54,2021-01-24,626,20032.0,2140578.0
55,2021-01-25,415,13280.0,2153858.0
56,2021-01-26,200,6400.0,2160258.0
57,2021-01-27,299,9568.0,2169826.0
58,2021-01-28,381,12192.0,2182018.0
59,2021-01-29,109,3488.0,2185506.0
60,2021-01-30,501,16032.0,2201538.0
61,2021-01-31,161,5152.0,2206690.0
62,2021-02-01,407,13024.0,2219714.0
63,2021-02-02,207,6624.0,2226338.0
64,2021-02-03,787,25184.0,2251522.0
65,2021-02-04,310,9920.0,2261442.0
66,2021-02-05,208,6656.0,2268098.0
67,2021-02-06,229,7328.0,2275426.0
68,2021-02-07,472,15104.0,2290530.0
69,2021-02-08,359,11488.0,2302018.0
70,2021-02-09,245,7840.0,2309858.0
71,2021-02-10,571,18272.0,2328130.0
72,2021-02-11,1099,35168.0,2363298.0
73,2021-02-12,297,9504.0,2372802.0
74,2021-02-13,621,19872.0,2392674.0
75,2021-02-14,67,2144.0,2394818.0
76,2021-02-15,614,19648.0,2414466.0
77,2021-02-16,235,7520.0,2421986.0
78,2021-02-17,918,29376.0,2451362.0
79,2021-02-18,418,13376.0,2464738.0
80,2021-02-19,777,24864.0,2489602.0
81,2021-02-20,252,8064.0,2497666.0
82,2021-02-21,252,8064.0,2505730.0
83,2021-02-22,820,26240.0,2531970.0
84,2021-02-23,72,2304.0,2534274.0
85,2021-02-24,806,25792.0,2560066.0
86,2021-02-25,412,13184.0,2573250.0
87,2021-02-26,1768,56576.0,2629826.0
88,2021-02-27,208,6656.0,2636482.0
89,2021-02-28,256,8192.0,2644674.0
90,2021-03-01,324,10368.0,2655042.0
91,2021-03-02,140,4480.0,2659522.0
92,2021-03-03,443,14176.0,2673698.0
93,2021-03-04,253,8096.0,2681794.0
94,2021-03-05,593,18976.0,2700770.0
95,2021-03-06,1203,38496.0,2739266.0
96,2021-03-07,168,5376.0,2744642.0
97,2021-03-08,450,14400.0,2759042.0
98,2021-03-09,268,8576.0,2767618.0
99,2021-03-10,898,28736.0,2796354.0
100,2021-03-11,186,5952.0,2802306.0
101,2021-03-12,332,10624.0,2812930.0
102,2021-03-13,155,4960.0,2817890.0
103,2021-03-14,278,8896.0,2826786.0
104,2021-03-15,748,23936.0,2850722.0
105,2021-03-16,74,2368.0,2853090.0
106,2021-03-17,278,8896.0,2861986.0
107,2021-03-18,178,5696.0,2867682.0
108,2021-03-19,180,5760.0,2873442.0
109,2021-03-20,197,6304.0,2879746.0
110,2021-03-21,122,3904.0,2883650.0
111,2021-03-22,104,3328.0,2886978.0
112,2021-03-23,42,1344.0,2888322.0
113,2021-03-24,229,7328.0,2895650.0
114,2021-03-25,237,7584.0,2903234.0
115,2021-03-26,153,4896.0,2908130.0
116,2021-03-27,261,8352.0,2916482.0
117,2021-03-28,222,7104.0,2923586.0
118,2021-03-29,262,8384.0,2931970.0
119,2021-03-30,75,2400.0,2934370.0
120,2021-03-31,339,10848.0,2945218.0
121,2021-04-01,233,7456.0,2952674.0
122,2021-04-02,140,4480.0,2957154.0
123,2021-04-03,441,14112.0,2971266.0
124,2021-04-04,1517,48544.0,3019810.0
125,2021-04-05,330,10560.0,3030370.0
126,2021-04-06,312,9984.0,3040354.0
127,2021-04-07,291,9312.0,3049666.0
128,2021-04-08,1059,33888.0,3083554.0
129,2021-04-09,202,6464.0,3090018.0
130,2021-04-10,163,5216.0,3095234.0
131,2021-04-11,369,11808.0,3107042.0
132,2021-04-12,382,12224.0,3119266.0
133,2021-04-13,647,20704.0,3139970.0
134,2021-04-14,188,6016.0,3145986.0
135,2021-04-15,267,8544.0,3154530.0
136,2021-04-16,765,24480.0,3179010.0
137,2021-04-17,296,9472.0,3188482.0
138,2021-04-18,285,9120.0,3197602.0
139,2021-04-19,94,3008.0,3200610.0
140,2021-04-20,297,9504.0,3210114.0
141,2021-04-21,495,15840.0,3225954.0
142,2021-04-22,749,23968.0,3249922.0
143,2021-04-23,356,11392.0,3261314.0
144,2021-04-24,473,15136.0,3276450.0
145,2021-04-25,477,15264.0,3291714.0
146,2021-04-26,251,8032.0,3299746.0
147,2021-04-27,722,23104.0,3322850.0
148,2021-04-28,876,28032.0,3350882.0
149,2021-04-29,653,20896.0,3371778.0
150,2021-04-30,831,26592.0,3398370.0
151,2021-05-01,258,8256.0,3406626.0
152,2021-05-02,916,29312.0,3435938.0
153,2021-05-03,866,27712.0,3463650.0
154,2021-05-04,258,8256.0,3471906.0
155,2021-05-05,1820,58240.0,3530146.0
156,2021-05-06,2321,74272.0,3604418.0
157,2021-05-07,1528,48896.0,3653314.0
158,2021-05-08,2445,78240.0,3731554.0
159,2021-05-09,443,14176.0,3745730.0
160,2021-05-10,128,4096.0,3749826.0
161,2021-05-11,359,11488.0,3761314.0
162,2021-05-12,1174,37568.0,3798882.0
163,2021-05-13,1529,48928.0,3847810.0
164,2021-05-14,1282,41024.0,3888834.0
165,2021-05-15,897,28704.0,3917538.0
166,2021-05-16,436,13952.0,3931490.0
167,2021-05-17,379,12128.0,3943618.0
168,2021-05-18,1055,33760.0,3977378.0
169,2021-05-19,1464,46848.0,4024226.0
170,2021-05-20,454,14528.0,4038754.0
171,2021-05-21,749,23968.0,4062722.0
172,2021-05-22,1224,39168.0,4101890.0
173,2021-05-23,1018,32576.0,4134466.0
174,2021-05-24,1093,34976.0,4169442.0
175,2021-05-25,1362,43584.0,4213026.0
176,2021-05-26,1780,56960.0,4269986.0
177,2021-05-27,5050,161600.0,4431586.0
178,2021-05-28,1802,57664.0,4489250.0
179,2021-05-29,477,15264.0,4504514.0
180,2021-05-30,647,20704.0,4525218.0
181,2021-05-31,98,3136.0,4528354.0
182,2021-06-01,402,12864.0,4541218.0
183,2021-06-02,146,4672.0,4545890.0
184,2021-06-03,1161,37152.0,4583042.0
185,2021-06-04,1495,47840.0,4630882.0
186,2021-06-05,508,16256.0,4647138.0
187,2021-06-06,465,14880.0,4662018.0
188,2021-06-07,115,3680.0,4665698.0
189,2021-06-08,306,9792.0,4675490.0
190,2021-06-09,1373,43936.0,4719426.0
191,2021-06-10,1045,33440.0,4752866.0
192,2021-06-11,793,25376.0,4778242.0
193,2021-06-12,910,29120.0,4807362.0
194,2021-06-13,752,24064.0,4831426.0
195,2021-06-14,773,24736.0,4856162.0
196,2021-06-15,168,5376.0,4861538.0
197,2021-06-16,790,25280.0,4886818.0
198,2021-06-17,2493,79776.0,4966594.0
199,2021-06-18,622,19904.0,4986498.0
200,2021-06-19,925,29600.0,5016098.0
201,2021-06-20,219,7008.0,5023106.0
202,2021-06-21,714,22848.0,5045954.0
203,2021-06-22,175,5600.0,5051554.0
204,2021-06-23,874,27968.0,5079522.0
205,2021-06-24,3982,127424.0,5206946.0
206,2021-06-25,544,17408.0,5224354.0
207,2021-06-26,588,18816.0,5243170.0
208,2021-06-27,448,14336.0,5257506.0
209,2021-06-28,110,3520.0,5261026.0
210,2021-06-29,110,3520.0,5264546.0
211,2021-06-30,1729,55328.0,5319874.0
212,2021-07-01,442,14144.0,5334018.0
213,2021-07-02,1866,59712.0,5393730.0
214,2021-07-03,309,9888.0,5403618.0
215,2021-07-04,266,8512.0,5412130.0
216,2021-07-05,735,23520.0,5435650.0
217,2021-07-06,233,7456.0,5443106.0
218,2021-07-07,2868,91776.0,5534882.0
219,2021-07-08,421,13472.0,5548354.0
220,2021-07-09,536,17152.0,5565506.0
221,2021-07-10,475,15200.0,5580706.0
222,2021-07-11,162,5184.0,5585890.0
223,2021-07-12,74,2368.0,5588258.0
224,2021-07-13,219,7008.0,5595266.0
225,2021-07-14,398,12736.0,5608002.0
226,2021-07-15,229,7328.0,5615330.0
227,2021-07-16,359,11488.0,5626818.0
228,2021-07-17,1375,44000.0,5670818.0
229,2021-07-18,165,5280.0,5676098.0
230,2021-07-19,43,1376.0,5677474.0
231,2021-07-20,92,2944.0,5680418.0
232,2021-07-21,289,9248.0,5689666.0
233,2021-07-22,466,14912.0,5704578.0
234,2021-07-23,176,5632.0,5710210.0
235,2021-07-24,889,28448.0,5738658.0
236,2021-07-25,136,4352.0,5743010.0
237,2021-07-26,52,1664.0,5744674.0
238,2021-07-27,31,992.0,5745666.0
239,2021-07-28,355,11360.0,5757026.0
240,2021-07-29,510,16320.0,5773346.0
241,2021-07-30,235,7520.0,5780866.0
242,2021-07-31,429,13728.0,5794594.0
243,2021-08-01,404,12928.0,5807522.0
244,2021-08-02,76,2432.0,5809954.0
245,2021-08-03,68,2176.0,5812130.0
246,2021-08-04,1455,46560.0,5858690.0
247,2021-08-05,411,13152.0,5871842.0
248,2021-08-06,457,14624.0,5886466.0
249,2021-08-07,267,8544.0,5895010.0
250,2021-08-08,554,17728.0,5912738.0
251,2021-08-09,113,3616.0,5916354.0
252,2021-08-10,643,20576.0,5936930.0
253,2021-08-11,977,31264.0,5968194.0
254,2021-08-12,557,17824.0,5986018.0
255,2021-08-13,433,13856.0,5999874.0
256,2021-08-14,613,19616.0,6019490.0
257,2021-08-15,819,26208.0,6045698.0
258,2021-08-16,444,14208.0,6059906.0
259,2021-08-17,1759,56288.0,6116194.0
260,2021-08-18,2732,87424.0,6203618.0
261,2021-08-19,2516,80512.0,6284130.0
262,2021-08-20,1471,47072.0,6331202.0
263,2021-08-21,699,22368.0,6353570.0
264,2021-08-22,1391,44512.0,6398082.0
265,2021-08-23,723,23136.0,6421218.0
266,2021-08-24,898,28736.0,6449954.0
267,2021-08-25,599,19168.0,6469122.0
268,2021-08-26,229,7328.0,6476450.0
269,2021-08-27,211,6752.0,6483202.0
270,2021-08-28,211,6752.0,6489954.0
271,2021-08-29,1191,38112.0,6528066.0
272,2021-08-30,1804,57728.0,6585794.0
273,2021-08-31,371,11872.0,6597666.0
274,2021-09-01,448,14336.0,6612002.0
275,2021-09-02,1703,54496.0,6666498.0
276,2021-09-03,1388,44416.0,6710914.0
277,2021-09-04,755,24160.0,6735074.0
278,2021-09-05,45,1440.0,6736514.0
279,2021-09-06,2351,75232.0,6811746.0
280,2021-09-07,208,6656.0,6818402.0
281,2021-09-08,727,23264.0,6841666.0
282,2021-09-09,560,17920.0,6859586.0
283,2021-09-10,498,15936.0,6875522.0
284,2021-09-11,2577,82464.0,6957986.0
285,2021-09-12,237,7584.0,6965570.0
286,2021-09-13,156,4992.0,6970562.0
287,2021-09-14,459,14688.0,6985250.0
288,2021-09-15,163,5216.0,6990466.0
289,2021-09-16,373,11936.0,7002402.0
290,2021-09-17,215,6880.0,7009282.0
291,2021-09-18,196,6272.0,7015554.0
292,2021-09-19,1108,35456.0,7051010.0
293,2021-09-20,152,4864.0,7055874.0
294,2021-09-21,187,5984.0,7061858.0
295,2021-09-22,317,10144.0,7072002.0
296,2021-09-23,419,13408.0,7085410.0
297,2021-09-24,273,8736.0,7094146.0
298,2021-09-25,152,4864.0,7099010.0
299,2021-09-26,238,7616.0,7106626.0
300,2021-09-27,138,4416.0,7111042.0
301,2021-09-28,538,17216.0,7128258.0
302,2021-09-29,159,5088.0,7133346.0
303,2021-09-30,309,9888.0,7143234.0
304,2021-10-01,98,3136.0,7146370.0
305,2021-10-02,147,4704.0,7151074.0
306,2021-10-03,190,6080.0,7157154.0
307,2021-10-04,215,6880.0,7164034.0
308,2021-10-05,1765,56480.0,7220514.0
309,2021-10-06,184,5888.0,7226402.0
310,2021-10-07,173,5536.0,7231938.0
311,2021-10-08,309,9888.0,7241826.0
312,2021-10-09,148,4736.0,7246562.0
313,2021-10-10,142,4544.0,7251106.0
314,2021-10-11,138,4416.0,7255522.0
315,2021-10-12,176,5632.0,7261154.0
316,2021-10-13,114,3648.0,7264802.0
317,2021-10-14,190,6080.0,7270882.0
318,2021-10-15,417,13344.0,7284226.0
319,2021-10-16,508,16256.0,7300482.0
320,2021-10-17,140,4480.0,7304962.0
321,2021-10-18,91,2912.0,7307874.0
322,2021-10-19,134,4288.0,7312162.0
323,2021-10-20,87,2784.0,7314946.0
324,2021-10-21,157,5024.0,7319970.0
325,2021-10-22,168,5376.0,7325346.0
326,2021-10-23,165,5280.0,7330626.0
327,2021-10-24,121,3872.0,7334498.0
328,2021-10-25,218,6976.0,7341474.0
329,2021-10-26,74,2368.0,7343842.0
330,2021-10-27,192,6144.0,7349986.0
331,2021-10-28,187,5984.0,7355970.0
332,2021-10-29,202,6464.0,7362434.0
333,2021-10-30,1171,37472.0,7399906.0
334,2021-10-31,517,16544.0,7416450.0
335,2021-11-01,138,4416.0,7420866.0
336,2021-11-02,366,11696.0,7432562.0
337,2021-11-03,832,26608.0,7459170.0
338,2021-11-04,246,7872.0,7467042.0
339,2021-11-05,185,5888.0,7472930.0
340,2021-11-06,1276,40800.0,7513730.0
341,2021-11-07,160,5120.0,7518850.0
342,2021-11-08,349,11168.0,7530018.0
343,2021-11-09,181,5632.0,7535650.0
344,2021-11-10,182,5344.0,7540994.0
345,2021-11-11,217,6640.0,7547634.0
346,2021-11-12,403,12896.0,7560530.0
347,2021-11-13,165,5280.0,7565810.0
348,2021-11-14,95,3024.0,7568834.0
349,2021-11-15,329,9568.0,7578402.0
350,2021-11-16,279,7968.0,7586370.0
351,2021-11-17,1373,43936.0,7630306.0
352,2021-11-18,252,8064.0,7638370.0
353,2021-11-19,349,11168.0,7649538.0
354,2021-11-20,273,8736.0,7658274.0
355,2021-11-21,220,7040.0,7665314.0
356,2021-11-22,456,11328.0,7676642.0
357,2021-11-23,649,15568.0,7692210.0
358,2021-11-24,538,14000.0,7706210.0
359,2021-11-25,426,11696.0,7717906.0
360,2021-11-26,401,11424.0,7729330.0
361,2021-11-27,336,9616.0,7738946.0
362,2021-11-28,253,7248.0,7746194.0
363,2021-11-29,445,13008.0,7759202.0
364,2021-11-30,232,5120.0,7764322.0
365,2021-12-01,756,22112.0,7786434.0
366,2021-12-02,608,18496.0,7804930.0
367,2021-12-03,799,23984.0,7828914.0
368,2021-12-04,422,12608.0,7841522.0
369,2021-12-05,396,11616.0,7853138.0
370,2021-12-06,372,11024.0,7864162.0
371,2021-12-07,440,11584.0,7875746.0
372,2021-12-08,907,23120.0,7898866.0
373,2021-12-09,324,7872.0,7906738.0
374,2021-12-10,464,11584.0,7918322.0
375,2021-12-11,299,7424.0,7925746.0
376,2021-12-12,531,14656.0,7940402.0
377,2021-12-13,257,6496.0,7946898.0
378,2021-12-14,475,13792.0,7960690.0
379,2021-12-15,894,27856.0,7988546.0
380,2021-12-16,255,7488.0,7996034.0
381,2021-12-17,348,10832.0,8006866.0
382,2021-12-18,775,23584.0,8030450.0
383,2021-12-19,308,8160.0,8038610.0
384,2021-12-20,820,24432.0,8063042.0
385,2021-12-21,409,11936.0,8074978.0
386,2021-12-22,399,11184.0,8086162.0
387,2021-12-23,303,9088.0,8095250.0
388,2021-12-24,453,14064.0,8109314.0
389,2021-12-25,130,3856.0,8113170.0
390,2021-12-26,223,6304.0,8119474.0
391,2021-12-27,180,4896.0,8124370.0
392,2021-12-28,385,11968.0,8136338.0
393,2021-12-29,169,4592.0,8140930.0
394,2021-12-30,210,6032.0,8146962.0
395,2021-12-31,384,11280.0,8158242.0
396,2022-01-01,327,8784.0,8167026.0
397,2022-01-02,446,13376.0,8180402.0
398,2022-01-03,666,20864.0,8201266.0
399,2022-01-04,674,20944.0,8222210.0
400,2022-01-05,768,23584.0,8245794.0
401,2022-01-06,364,11488.0,8257282.0
402,2022-01-07,536,16848.0,8274130.0
403,2022-01-08,549,16880.0,8291010.0
404,2022-01-09,449,13696.0,8304706.0
405,2022-01-10,346,10880.0,8315586.0
406,2022-01-11,217,6880.0,8322466.0
407,2022-01-12,363,11360.0,8333826.0
408,2022-01-13,244,7472.0,8341298.0
409,2022-01-14,267,8048.0,8349346.0
410,2022-01-15,476,14720.0,8364066.0
411,2022-01-16,334,9792.0,8373858.0
412,2022-01-17,214,6240.0,8380098.0
413,2022-01-18,331,9824.0,8389922.0
414,2022-01-19,681,21088.0,8411010.0
415,2022-01-20,456,14032.0,8425042.0
416,2022-01-21,100,3056.0,8428098.0
417,2022-01-22,555,17504.0,8445602.0
418,2022-01-23,505,15904.0,8461506.0
419,2022-01-24,1692,53280.0,8514786.0
420,2022-01-25,265,8160.0,8522946.0
421,2022-01-26,529,16656.0,8539602.0
422,2022-01-27,307,9392.0,8548994.0
423,2022-01-28,407,12736.0,8561730.0
424,2022-01-29,495,15520.0,8577250.0
425,2022-01-30,321,9808.0,8587058.0
426,2022-01-31,126,3776.0,8590834.0
427,2022-02-01,267,7824.0,8598658.0
428,2022-02-02,299,9248.0,8607906.0
429,2022-02-03,266,8000.0,8615906.0
430,2022-02-04,192,5712.0,8621618.0
431,2022-02-05,757,24080.0,8645698.0
432,2022-02-06,137,4080.0,8649778.0
433,2022-02-07,232,6976.0,8656754.0
434,2022-02-08,472,14784.0,8671538.0
435,2022-02-09,548,16832.0,8688370.0
436,2022-02-10,570,17312.0,8705682.0
437,2022-02-11,440,13680.0,8719362.0
438,2022-02-12,346,10144.0,8729506.0
439,2022-02-13,137,3664.0,8733170.0
440,2022-02-14,737,23072.0,8756242.0
441,2022-02-15,395,12432.0,8768674.0
442,2022-02-16,658,20176.0,8788850.0
443,2022-02-17,419,12448.0,8801298.0
444,2022-02-18,306,9440.0,8810738.0
445,2022-02-19,313,9840.0,8820578.0
446,2022-02-20,128,3984.0,8824562.0
447,2022-02-21,251,7280.0,8831842.0
448,2022-02-22,218,6160.0,8838002.0
449,2022-02-23,1745,55616.0,8893618.0
450,2022-02-24,428,12880.0,8906498.0
451,2022-02-25,356,9760.0,8916258.0
452,2022-02-26,566,15952.0,8932210.0
453,2022-02-27,516,15040.0,8947250.0
454,2022-02-28,484,14960.0,8962210.0
455,2022-03-01,672,21008.0,8983218.0
456,2022-03-02,1458,44944.0,9028162.0
457,2022-03-03,823,25856.0,9054018.0
458,2022-03-04,1601,49296.0,9103314.0
459,2022-03-05,880,27440.0,9130754.0
460,2022-03-06,739,22944.0,9153698.0
461,2022-03-07,428,12928.0,9166626.0
462,2022-03-08,1840,56640.0,9223266.0
463,2022-03-09,1338,42208.0,9265474.0
464,2022-03-10,1955,60976.0,9326450.0
465,2022-03-11,1587,42928.0,9369378.0
466,2022-03-12,1036,26496.0,9395874.0
467,2022-03-13,763,20144.0,9416018.0
468,2022-03-14,353,9632.0,9425650.0
469,2022-03-15,6773,215776.0,9641426.0
470,2022-03-16,2254,71136.0,9712562.0
471,2022-03-17,1629,49440.0,9762002.0
472,2022-03-18,707,20816.0,9782818.0
473,2022-03-19,3816,117760.0,9900578.0
474,2022-03-20,1509,44464.0,9945042.0
475,2022-03-21,511,14144.0,9959186.0
476,2022-03-22,503,13888.0,9973074.0
477,2022-03-23,1512,45328.0,10018402.0
478,2022-03-24,412,12640.0,10031042.0
479,2022-03-25,682,21344.0,10052386.0
480,2022-03-26,561,17504.0,10069890.0
481,2022-03-27,425,12992.0,10082882.0
482,2022-03-28,397,12512.0,10095394.0
483,2022-03-29,591,18784.0,10114178.0
484,2022-03-30,1157,36832.0,10151010.0
485,2022-03-31,3054,97504.0,10248514.0
486,2022-04-01,2475,79136.0,10327650.0
487,2022-04-02,998,31776.0,10359426.0
488,2022-04-03,1091,34512.0,10393938.0
489,2022-04-04,1142,36304.0,10430242.0
490,2022-04-05,360,11312.0,10441554.0
491,2022-04-06,2247,71568.0,10513122.0
492,2022-04-07,1025,32544.0,10545666.0
493,2022-04-08,1606,51024.0,10596690.0
494,2022-04-09,974,30784.0,10627474.0
495,2022-04-10,725,22880.0,10650354.0
496,2022-04-11,815,25488.0,10675842.0
497,2022-04-12,681,21232.0,10697074.0
498,2022-04-13,770,24256.0,10721330.0
499,2022-04-14,2625,83424.0,10804754.0
500,2022-04-15,1068,34000.0,10838754.0
501,2022-04-16,1516,48368.0,10887122.0
502,2022-04-17,1098,34560.0,10921682.0
503,2022-04-18,70,1968.0,10923650.0
504,2022-04-19,1858,58864.0,10982514.0
505,2022-04-20,566,17712.0,11000226.0
506,2022-04-21,2134,67840.0,11068066.0
507,2022-04-22,1167,37072.0,11105138.0
508,2022-04-23,1460,46368.0,11151506.0
509,2022-04-24,206,6336.0,11157842.0
510,2022-04-25,493,15568.0,11173410.0
511,2022-04-26,507,16016.0,11189426.0
512,2022-04-27,2588,82368.0,11271794.0
513,2022-04-28,1661,52976.0,11324770.0
514,2022-04-29,1370,43504.0,11368274.0
515,2022-04-30,544,17264.0,11385538.0
516,2022-05-01,695,21984.0,11407522.0
517,2022-05-02,2039,65136.0,11472658.0
518,2022-05-03,4258,135968.0,11608626.0
519,2022-05-04,1092,34704.0,11643330.0
520,2022-05-05,1349,42464.0,11685794.0
521,2022-05-06,496,15472.0,11701266.0
522,2022-05-07,2055,65104.0,11766370.0
523,2022-05-08,257,7792.0,11774162.0
524,2022-05-09,1819,57696.0,11831858.0
525,2022-05-10,579,18432.0,11850290.0
526,2022-05-11,422,12848.0,11863138.0
527,2022-05-12,592,18880.0,11882018.0
528,2022-05-13,450,14272.0,11896290.0
529,2022-05-14,392,11904.0,11908194.0
530,2022-05-15,200,5888.0,11914082.0
531,2022-05-16,178,5248.0,11919330.0
532,2022-05-17,151,4208.0,11923538.0
533,2022-05-18,319,9280.0,11932818.0
534,2022-05-19,229,7056.0,11939874.0
535,2022-05-20,889,27840.0,11967714.0
536,2022-05-21,418,13120.0,11980834.0
537,2022-05-22,106,3136.0,11983970.0
538,2022-05-23,54,1280.0,11985250.0
539,2022-05-24,177,5232.0,11990482.0
540,2022-05-25,289,7408.0,11997890.0
541,2022-05-26,316,9669.0,12007559.0
542,2022-05-27,118,3245.0,12010804.0
543,2022-05-28,396,12304.0,12023108.0
544,2022-05-29,375,11744.0,12034852.0
545,2022-05-30,111,3423.0,12038275.0
546,2022-05-31,175,5201.0,12043476.0
547,2022-06-01,655,20609.0,12064085.0
548,2022-06-02,820,26080.0,12090165.0
549,2022-06-03,414,12672.0,12102837.0
550,2022-06-04,264,8240.0,12111077.0
551,2022-06-05,197,4448.0,12115525.0
552,2022-06-06,226,7104.0,12122629.0
553,2022-06-07,105,3088.0,12125717.0
554,2022-06-08,160,4928.0,12130645.0
555,2022-06-09,76,2192.0,12132837.0
556,2022-06-10,154,4496.0,12137333.0
557,2022-06-11,299,9328.0,12146661.0
558,2022-06-12,1320,42128.0,12188789.0
559,2022-06-13,154,4768.0,12193557.0
560,2022-06-14,237,7376.0,12200933.0
561,2022-06-15,145,4384.0,12205317.0
562,2022-06-16,312,9696.0,12215013.0
563,2022-06-17,515,15904.0,12230917.0
564,2022-06-18,175,5488.0,12236405.0
565,2022-06-19,201,6272.0,12242677.0
566,2022-06-20,86,2352.0,12245029.0
567,2022-06-21,276,8752.0,12253781.0
568,2022-06-22,401,12672.0,12266453.0
569,2022-06-23,298,9456.0,12275909.0
570,2022-06-24,141,4352.0,12280261.0
571,2022-06-25,96,2944.0,12283205.0
572,2022-06-26,87,2672.0,12285877.0
573,2022-06-27,149,4656.0,12290533.0
574,2022-06-28,263,8112.0,12298645.0
575,2022-06-29,74,2128.0,12300773.0
576,2022-06-30,350,7216.0,12307989.0
577,2022-07-01,98,2688.0,12310677.0
578,2022-07-02,150,4048.0,12314725.0
579,2022-07-03,186,4160.0,12318885.0
580,2022-07-04,69,1920.0,12320805.0
581,2022-07-05,59,1776.0,12322581.0
582,2022-07-06,170,5312.0,12327893.0
583,2022-07-07,63,1840.0,12329733.0
584,2022-07-08,132,4016.0,12333749.0
585,2022-07-09,110,3328.0,12337077.0
586,2022-07-10,222,6992.0,12344069.0
587,2022-07-11,50,1504.0,12345573.0
588,2022-07-12,95,2704.0,12348277.0
589,2022-07-13,85,2592.0,12350869.0
590,2022-07-14,1982,63248.0,12414117.0
591,2022-07-15,202,6368.0,12420485.0
592,2022-07-16,252,7792.0,12428277.0
593,2022-07-17,148,4480.0,12432757.0
594,2022-07-18,79,2432.0,12435189.0
595,2022-07-19,361,11200.0,12446389.0
596,2022-07-20,126,3904.0,12450293.0
597,2022-07-21,491,15184.0,12465477.0
598,2022-07-22,259,8016.0,12473493.0
599,2022-07-23,94,2368.0,12475861.0
600,2022-07-24,33,928.0,12476789.0
601,2022-07-25,55,1440.0,12478229.0
602,2022-07-26,50,1456.0,12479685.0
603,2022-07-27,297,9312.0,12488997.0
604,2022-07-28,312,6160.0,12495157.0
605,2022-07-29,261,7808.0,12502965.0
606,2022-07-30,149,4320.0,12507285.0
607,2022-07-31,141,4320.0,12511605.0
608,2022-08-01,107,3168.0,12514773.0
609,2022-08-02,126,3696.0,12518469.0
610,2022-08-03,122,3504.0,12521973.0
611,2022-08-04,135,4016.0,12525989.0
612,2022-08-05,112,3168.0,12529157.0
613,2022-08-06,117,3440.0,12532597.0
614,2022-08-07,112,2688.0,12535285.0
615,2022-08-08,139,4112.0,12539397.0
616,2022-08-09,181,5552.0,12544949.0
617,2022-08-10,544,17072.0,12562021.0
618,2022-08-11,637,20272.0,12582293.0
619,2022-08-12,1071,34048.0,12616341.0
620,2022-08-13,242,7536.0,12623877.0
621,2022-08-14,151,4656.0,12628533.0
622,2022-08-15,183,5712.0,12634245.0
623,2022-08-16,116,3360.0,12637605.0
624,2022-08-17,442,14112.0,12651717.0
625,2022-08-18,147,3600.0,12655317.0
626,2022-08-19,196,5731.0,12661048.0
627,2022-08-20,86,2512.0,12663560.0
628,2022-08-21,123,3536.0,12667096.0
629,2022-08-22,126,3120.0,12670216.0
630,2022-08-23,373,11577.0,12681793.0
631,2022-08-24,180,5292.0,12687085.0
632,2022-08-25,412,12379.0,12699464.0
633,2022-08-26,114,3204.0,12702668.0
634,2022-08-27,325,9718.0,12712386.0
635,2022-08-28,80,2340.0,12714726.0
636,2022-08-29,108,2762.0,12717488.0
637,2022-08-30,218,6614.0,12724102.0
638,2022-08-31,374,11826.0,12735928.0
639,2022-09-01,2963,94595.0,12830523.0
640,2022-09-02,253,6953.0,12837476.0
641,2022-09-03,86,2359.0,12839835.0
642,2022-09-04,210,6180.0,12846015.0
643,2022-09-05,84,2464.0,12848479.0
644,2022-09-06,364,11107.0,12859586.0
645,2022-09-07,238,7408.0,12866994.0
646,2022-09-08,1900,60580.0,12927574.0
647,2022-09-09,520,16251.0,12943825.0
648,2022-09-10,505,15420.0,12959245.0
649,2022-09-11,154,4609.0,12963854.0
650,2022-09-12,1739,52928.0,13016782.0
651,2022-09-13,345,10470.0,13027252.0
652,2022-09-14,250,7044.0,13034296.0
653,2022-09-15,156,4554.0,13038850.0
654,2022-09-16,1173,36227.0,13075077.0
655,2022-09-17,546,16768.0,13091845.0
656,2022-09-18,1004,23810.0,13115655.0
657,2022-09-19,553,15152.0,13130807.0
658,2022-09-20,715,20864.0,13151671.0
659,2022-09-21,735,20336.0,13172007.0
660,2022-09-22,557,17152.0,13189159.0
661,2022-09-23,1865,55616.0,13244775.0
662,2022-09-24,667,19584.0,13264359.0
663,2022-09-25,447,12784.0,13277143.0
664,2022-09-26,505,12560.0,13289703.0
665,2022-09-27,1448,44496.0,13334199.0
666,2022-09-28,332,9680.0,13343879.0
667,2022-09-29,697,19344.0,13363223.0
668,2022-09-30,909,22176.0,13385399.0
669,2022-10-01,911,23248.0,13408647.0
670,2022-10-02,452,13488.0,13422135.0
671,2022-10-03,360,10832.0,13432967.0
672,2022-10-04,319,9584.0,13442551.0
673,2022-10-05,313,9232.0,13451783.0
674,2022-10-06,405,12352.0,13464135.0
675,2022-10-07,629,19408.0,13483543.0
676,2022-10-08,347,10528.0,13494071.0
677,2022-10-09,156,4528.0,13498599.0
678,2022-10-10,377,11536.0,13510135.0
679,2022-10-11,314,9376.0,13519511.0
680,2022-10-12,332,9088.0,13528599.0
681,2022-10-13,749,22816.0,13551415.0
682,2022-10-14,314,9792.0,13561207.0
683,2022-10-15,273,8304.0,13569511.0
684,2022-10-16,311,9360.0,13578871.0
685,2022-10-17,366,10512.0,13589383.0
686,2022-10-18,516,15760.0,13605143.0
687,2022-10-19,1380,43616.0,13648759.0
688,2022-10-20,1029,31968.0,13680727.0
689,2022-10-21,575,18080.0,13698807.0
690,2022-10-22,826,26117.0,13724924.0
691,2022-10-23,432,12512.0,13737436.0
692,2022-10-24,402,11803.0,13749239.0
693,2022-10-25,444,13776.0,13763015.0
694,2022-10-26,1846,49024.0,13812039.0
695,2022-10-27,995,31264.0,13843303.0
696,2022-10-28,1307,40208.0,13883511.0
697,2022-10-29,1406,44592.0,13928103.0
698,2022-10-30,1123,35424.0,13963527.0
699,2022-10-31,657,20464.0,13983991.0
700,2022-11-01,976,30864.0,14014855.0
701,2022-11-02,987,31376.0,14046231.0
702,2022-11-03,337,10592.0,14056823.0
703,2022-11-04,924,28736.0,14085559.0
704,2022-11-05,552,17200.0,14102759.0
705,2022-11-06,305,9648.0,14112407.0
706,2022-11-07,373,11840.0,14124247.0
707,2022-11-08,374,11824.0,14136071.0
708,2022-11-09,859,27248.0,14163319.0
709,2022-11-10,721,22880.0,14186199.0
710,2022-11-11,994,31440.0,14217639.0
711,2022-11-12,1084,34224.0,14251863.0
712,2022-11-13,1090,33552.0,14285415.0
713,2022-11-14,1010,31120.0,14316535.0
714,2022-11-15,693,21344.0,14337879.0
715,2022-11-16,627,19328.0,14357207.0
716,2022-11-17,609,18304.0,14375511.0
717,2022-11-18,935,29152.0,14404663.0
718,2022-11-19,1230,37392.0,14442055.0
719,2022-11-20,540,16560.0,14458615.0
720,2022-11-21,1001,30928.0,14489543.0
721,2022-11-22,1043,32816.0,14522359.0
722,2022-11-23,3148,99904.0,14622263.0
723,2022-11-24,1098,33856.0,14656119.0
724,2022-11-25,933,28752.0,14684871.0
725,2022-11-26,508,15648.0,14700519.0
726,2022-11-27,221,7008.0,14707527.0
727,2022-11-28,421,13040.0,14720567.0
728,2022-11-29,185,5600.0,14726167.0
729,2022-11-30,1186,37168.0,14763335.0
730,2022-12-01,509,15504.0,14778839.0
731,2022-12-02,1376,42960.0,14821799.0
732,2022-12-03,579,17312.0,14839111.0
733,2022-12-04,326,9984.0,14849095.0
734,2022-12-05,180,5392.0,14854487.0
735,2022-12-06,545,15072.0,14869559.0
736,2022-12-07,494,14016.0,14883575.0
737,2022-12-08,404,11904.0,14895479.0
738,2022-12-09,501,15216.0,14910695.0
739,2022-12-10,908,28384.0,14939079.0
740,2022-12-11,234,6128.0,14945207.0
741,2022-12-12,410,12176.0,14957383.0
742,2022-12-13,233,7216.0,14964599.0
743,2022-12-14,418,12352.0,14976951.0
744,2022-12-15,295,8960.0,14985911.0
745,2022-12-16,398,12336.0,14998247.0
746,2022-12-17,510,15904.0,15014151.0
747,2022-12-18,557,17264.0,15031415.0
748,2022-12-19,169,5072.0,15036487.0
749,2022-12-20,488,15168.0,15051655.0
750,2022-12-21,230,7104.0,15058759.0
751,2022-12-22,442,13680.0,15072439.0
752,2022-12-23,252,7440.0,15079879.0
753,2022-12-24,396,12336.0,15092215.0
754,2022-12-25,139,3648.0,15095863.0
755,2022-12-26,244,7536.0,15103399.0
756,2022-12-27,1016,32272.0,15135671.0
757,2022-12-28,149,4496.0,15140167.0
758,2022-12-29,294,8848.0,15149015.0
759,2022-12-30,542,16592.0,15165607.0
760,2022-12-31,280,7744.0,15173351.0
761,2023-01-01,253,7824.0,15181175.0
762,2023-01-02,369,10784.0,15191959.0
763,2023-01-03,152,4240.0,15196199.0
764,2023-01-04,536,16432.0,15212631.0
765,2023-01-05,142,4064.0,15216695.0
766,2023-01-06,812,21136.0,15237831.0
767,2023-01-07,594,17520.0,15255351.0
768,2023-01-08,441,13344.0,15268695.0
769,2023-01-09,279,8512.0,15277207.0
770,2023-01-10,417,12608.0,15289815.0
771,2023-01-11,444,13440.0,15303255.0
772,2023-01-12,1025,31552.0,15334807.0
773,2023-01-13,225,6464.0,15341271.0
774,2023-01-14,519,16112.0,15357383.0
775,2023-01-15,471,13200.0,15370583.0
776,2023-01-16,741,21952.0,15392535.0
777,2023-01-17,366,10768.0,15403303.0
778,2023-01-18,495,12976.0,15416279.0
779,2023-01-19,1074,33264.0,15449543.0
780,2023-01-20,434,12784.0,15462327.0
781,2023-01-21,366,9824.0,15472151.0
782,2023-01-22,457,11808.0,15483959.0
783,2023-01-23,281,7232.0,15491191.0
784,2023-01-24,2229,70528.0,15561719.0
785,2023-01-25,436,12160.0,15573879.0
786,2023-01-26,968,29728.0,15603607.0
787,2023-01-27,492,13856.0,15617463.0
788,2023-01-28,314,9024.0,15626487.0
789,2023-01-29,526,15648.0,15642135.0
790,2023-01-30,483,14640.0,15656775.0
791,2023-01-31,777,23840.0,15680615.0
792,2023-02-01,790,24720.0,15705335.0
793,2023-02-02,797,24864.0,15730199.0
794,2023-02-03,393,12144.0,15742343.0
795,2023-02-04,756,22400.0,15764743.0
796,2023-02-05,451,13072.0,15777815.0
797,2023-02-06,521,15984.0,15793799.0
798,2023-02-07,366,10768.0,15804567.0
799,2023-02-08,571,17200.0,15821767.0
800,2023-02-09,499,15408.0,15837175.0
801,2023-02-10,1185,36736.0,15873911.0
802,2023-02-11,536,15904.0,15889815.0
803,2023-02-12,918,23824.0,15913639.0
804,2023-02-13,396,10208.0,15923847.0
805,2023-02-14,1052,30656.0,15954503.0
806,2023-02-15,431,13008.0,15967511.0
807,2023-02-16,701,21760.0,15989271.0
808,2023-02-17,908,28768.0,16018039.0
809,2023-02-18,500,13248.0,16031287.0
810,2023-02-19,457,12960.0,16044247.0
811,2023-02-20,705,20608.0,16064855.0
812,2023-02-21,1331,41136.0,16105991.0
813,2023-02-22,1105,34864.0,16140855.0
814,2023-02-23,940,28960.0,16169815.0
815,2023-02-24,739,23168.0,16192983.0
816,2023-02-25,551,15104.0,16208087.0
817,2023-02-26,8112,257600.0,16465687.0
818,2023-02-27,1247,39184.0,16504871.0
819,2023-02-28,5786,184576.0,16689447.0
820,2023-03-01,1746,54096.0,16743543.0
821,2023-03-02,643,19568.0,16763111.0
822,2023-03-03,1076,32512.0,16795623.0
823,2023-03-04,285,8272.0,16803895.0
824,2023-03-05,332,10112.0,16814007.0
825,2023-03-06,49,1424.0,16815431.0
